mutant,sequence,kappa,scd
EK_1,EKEKEKEKEKEKEKEKEKEKEKEKEKEKEKEKEKEKEKEKEKEKEKEKEKEKEKEKEKEKEKEKEK,0.0008513209205250722,-0.40907993181025737
EK_2,EEEKKKEEEKKKEEEKKKEEEKKKEEEKKKEEEKKKEEEKKKEEEKKKEEEKKKEEEKKKEEEKKK,0.0008513209205250722,-1.0032368981006614
EK_3,EEEEEEKKKKKKEEEEEEKKKKKKEEEEEEKKKKKKEEEEEEKKKKKKEEEEEEKKKKKKEEEKKK,0.31704568985958825,-2.442495475600109
EK_4,EEEEEEEEKKKKKKKKEEEEEEEEKKKKKKKKEEEEEEEEKKKKKKKKEEEEEEEEKKKKKKKKEK,0.5348391864576096,-3.9514535648650697
EK_5,EEEEEEEEEEEKKKKKKKKKKKEEEEEEEEEEEKKKKKKKKKKKEEEEEEEEEEEKKKKKKKKKKK,0.709334460175283,-6.763037042639017
EK_6,EEEEEEEEEEEEEEEEKKKKKKKKKKKKKKKKEEEEEEEEEEEEEEEEKKKKKKKKKKKKKKKKEK,0.8255047262823265,-12.219256001761364
EK_7,EEEEEEEEEEEEEEEKKKEEEEEEEEEEEEEEEKKKKKKKKKKKKKKKEEEKKKKKKKKKKKKKKK,0.7500855647532105,-26.92192570093128
EK_8,EEEEEEEEEEEEEEEEKEEEEEEEEEEEEEEEEKKKKKKKKKKKKKKKKEKKKKKKKKKKKKKKKK,0.8399642862250662,-36.479251901812084
EK_9,EEEEEEEEEEEEEEEEEEEEEEEEEEEEEEEEEKKKKKKKKKKKKKKKKKKKKKKKKKKKKKKKKK,1.0,-42.10425677118722
